-- Adminer 4.8.1 MySQL 11.6.2-MariaDB-ubu2404 dump

SET NAMES utf8;
SET time_zone = '+00:00';
SET foreign_key_checks = 0;
SET sql_mode = 'NO_AUTO_VALUE_ON_ZERO';

SET NAMES utf8mb4;

DROP TABLE IF EXISTS `cards`;
CREATE TABLE `cards` (
  `card_id` int(11) NOT NULL AUTO_INCREMENT,
  `card_name` varchar(255) NOT NULL,
  `mana_cost` varchar(50) DEFAULT NULL,
  `type_line` varchar(255) DEFAULT NULL,
  `keywords` text DEFAULT NULL,
  `set_name` varchar(255) DEFAULT NULL,
  `rarity` varchar(50) DEFAULT NULL,
  `oracle_text` text DEFAULT NULL,
  `artist` varchar(255) DEFAULT NULL,
  `color_identity` varchar(50) DEFAULT NULL,
  `produced_mana` varchar(50) DEFAULT NULL,
  `cmc` float DEFAULT NULL,
  `games` varchar(255) DEFAULT NULL,
  `reserved` tinyint(1) DEFAULT NULL,
  `foil` tinyint(1) DEFAULT NULL,
  `nonfoil` tinyint(1) DEFAULT NULL,
  `oversized` tinyint(1) DEFAULT NULL,
  `promo` tinyint(1) DEFAULT NULL,
  `reprint` tinyint(1) DEFAULT NULL,
  `usd_price` float DEFAULT NULL,
  `eur_price` float DEFAULT NULL,
  `tix_price` float DEFAULT NULL,
  `toughness` varchar(50) DEFAULT NULL,
  `power` varchar(50) DEFAULT NULL,
  `image_uri` text DEFAULT NULL,
  `last_updated` timestamp NULL DEFAULT current_timestamp() ON UPDATE current_timestamp(),
  PRIMARY KEY (`card_id`),
  UNIQUE KEY `unique_card_name` (`card_name`)
) ENGINE=InnoDB DEFAULT CHARSET=utf8mb4 COLLATE=utf8mb4_uca1400_ai_ci;

INSERT INTO `cards` (`card_id`, `card_name`, `mana_cost`, `type_line`, `keywords`, `set_name`, `rarity`, `oracle_text`, `artist`, `color_identity`, `produced_mana`, `cmc`, `games`, `reserved`, `foil`, `nonfoil`, `oversized`, `promo`, `reprint`, `usd_price`, `eur_price`, `tix_price`, `toughness`, `power`, `image_uri`, `last_updated`) VALUES
(1,	'Black Lotus',	'{0}',	'Artifact',	'',	'Vintage Masters',	'bonus',	'{T}, Sacrifice Black Lotus: Add three mana of any one color.',	'Chris Rahn',	'',	'B,G,R,U,W',	0,	'mtgo',	1,	1,	1,	0,	0,	1,	NULL,	NULL,	45.09,	'',	'',	'https://cards.scryfall.io/normal/front/b/d/bd8fa327-dd41-4737-8f19-2cf5eb1f7cdd.jpg?1614638838',	'2024-12-03 13:54:30'),
(2,	'Lightning Bolt',	'{R}',	'Instant',	'',	'Ravnica: Clue Edition',	'uncommon',	'Lightning Bolt deals 3 damage to any target.',	'Christopher Moeller',	'R',	NULL,	1,	'paper,mtgo',	0,	0,	1,	0,	0,	1,	0.81,	1.42,	0.02,	NULL,	NULL,	'https://cards.scryfall.io/normal/front/7/7/77c6fa74-5543-42ac-9ead-0e890b188e99.jpg?1706239968',	'2024-11-28 13:14:09'),
(3,	'Serra Angel',	'{3}{W}{W}',	'Creature — Angel',	'Flying,Vigilance',	'Foundations',	'uncommon',	'Flying\nVigilance (Attacking doesn\'t cause this creature to tap.)',	'Greg Staples',	'W',	NULL,	5,	'paper,arena,mtgo',	0,	1,	1,	0,	0,	1,	0.05,	0.05,	0.01,	'4',	'4',	'https://cards.scryfall.io/normal/front/3/c/3cee9303-9d65-45a2-93d4-ef4aba59141b.jpg?1730489152',	'2024-11-28 13:06:26'),
(10,	'Aesi, Tyrant of Gyre Strait',	'{4}{G}{U}',	'Legendary Creature — Serpent',	'Landfall',	'Duskmourn: House of Horror Commander',	'mythic',	'You may play an additional land on each of your turns.\nLandfall — Whenever a land you control enters, you may draw a card.',	'Viktor Titov',	'G,U',	'',	6,	NULL,	NULL,	NULL,	NULL,	NULL,	NULL,	1,	7.8,	7.18,	4.21,	'5',	'5',	'https://cards.scryfall.io/normal/front/6/7/673c21f8-02b6-4ac4-b2fc-df065b4ac662.jpg?1726285172',	'2024-12-03 14:17:11'),
(11,	'Aether Gale',	NULL,	NULL,	NULL,	NULL,	NULL,	NULL,	NULL,	NULL,	NULL,	NULL,	NULL,	NULL,	NULL,	NULL,	NULL,	NULL,	NULL,	NULL,	NULL,	NULL,	NULL,	NULL,	NULL,	'2024-12-03 14:12:58'),
(12,	'Arixmethes, Slumbering Isle',	'{2}{G}{U}',	'Legendary Creature — Kraken',	'',	'Duskmourn: House of Horror Commander',	'rare',	'Arixmethes, Slumbering Isle enters tapped with five slumber counters on it.\nAs long as Arixmethes has a slumber counter on it, it\'s a land. (It\'s not a creature.)\nWhenever you cast a spell, you may remove a slumber counter from Arixmethes.\n{T}: Add {G}{U}.',	'Dimitar Marinski',	'G,U',	'G,U',	4,	NULL,	NULL,	NULL,	NULL,	NULL,	NULL,	1,	0.3,	0.31,	0.26,	'12',	'12',	'https://cards.scryfall.io/normal/front/b/f/bf561379-4e5f-486a-bcdf-6e08e105316e.jpg?1726285176',	'2024-12-03 14:19:27'),
(13,	'Ash Barrens',	NULL,	NULL,	NULL,	NULL,	NULL,	NULL,	NULL,	NULL,	NULL,	NULL,	NULL,	NULL,	NULL,	NULL,	NULL,	NULL,	NULL,	NULL,	NULL,	NULL,	NULL,	NULL,	NULL,	'2024-12-03 14:12:58'),
(14,	'Ashaya, Soul of the Wild',	NULL,	NULL,	NULL,	NULL,	NULL,	NULL,	NULL,	NULL,	NULL,	NULL,	NULL,	NULL,	NULL,	NULL,	NULL,	NULL,	NULL,	NULL,	NULL,	NULL,	NULL,	NULL,	NULL,	'2024-12-03 14:12:58'),
(15,	'Augur of Autumn',	NULL,	NULL,	NULL,	NULL,	NULL,	NULL,	NULL,	NULL,	NULL,	NULL,	NULL,	NULL,	NULL,	NULL,	NULL,	NULL,	NULL,	NULL,	NULL,	NULL,	NULL,	NULL,	NULL,	'2024-12-03 14:12:58'),
(16,	'Beanstalk Giant',	NULL,	NULL,	NULL,	NULL,	NULL,	NULL,	NULL,	NULL,	NULL,	NULL,	NULL,	NULL,	NULL,	NULL,	NULL,	NULL,	NULL,	NULL,	NULL,	NULL,	NULL,	NULL,	NULL,	'2024-12-03 14:12:58'),
(17,	'Beast Within',	NULL,	NULL,	NULL,	NULL,	NULL,	NULL,	NULL,	NULL,	NULL,	NULL,	NULL,	NULL,	NULL,	NULL,	NULL,	NULL,	NULL,	NULL,	NULL,	NULL,	NULL,	NULL,	NULL,	'2024-12-03 14:12:58'),
(18,	'Body of Knowledge',	NULL,	NULL,	NULL,	NULL,	NULL,	NULL,	NULL,	NULL,	NULL,	NULL,	NULL,	NULL,	NULL,	NULL,	NULL,	NULL,	NULL,	NULL,	NULL,	NULL,	NULL,	NULL,	NULL,	'2024-12-03 14:12:58'),
(19,	'Castle Vantress',	NULL,	NULL,	NULL,	NULL,	NULL,	NULL,	NULL,	NULL,	NULL,	NULL,	NULL,	NULL,	NULL,	NULL,	NULL,	NULL,	NULL,	NULL,	NULL,	NULL,	NULL,	NULL,	NULL,	'2024-12-03 14:12:58'),
(20,	'Command Tower',	NULL,	NULL,	NULL,	NULL,	NULL,	NULL,	NULL,	NULL,	NULL,	NULL,	NULL,	NULL,	NULL,	NULL,	NULL,	NULL,	NULL,	NULL,	NULL,	NULL,	NULL,	NULL,	NULL,	'2024-12-03 14:12:58'),
(21,	'Counterspell',	NULL,	NULL,	NULL,	NULL,	NULL,	NULL,	NULL,	NULL,	NULL,	NULL,	NULL,	NULL,	NULL,	NULL,	NULL,	NULL,	NULL,	NULL,	NULL,	NULL,	NULL,	NULL,	NULL,	'2024-12-03 14:12:58'),
(22,	'Cultivate',	NULL,	NULL,	NULL,	NULL,	NULL,	NULL,	NULL,	NULL,	NULL,	NULL,	NULL,	NULL,	NULL,	NULL,	NULL,	NULL,	NULL,	NULL,	NULL,	NULL,	NULL,	NULL,	NULL,	'2024-12-03 14:12:58'),
(23,	'Curator Beastie',	NULL,	NULL,	NULL,	NULL,	NULL,	NULL,	NULL,	NULL,	NULL,	NULL,	NULL,	NULL,	NULL,	NULL,	NULL,	NULL,	NULL,	NULL,	NULL,	NULL,	NULL,	NULL,	NULL,	'2024-12-03 14:12:58'),
(24,	'Deathmist Raptor',	NULL,	NULL,	NULL,	NULL,	NULL,	NULL,	NULL,	NULL,	NULL,	NULL,	NULL,	NULL,	NULL,	NULL,	NULL,	NULL,	NULL,	NULL,	NULL,	NULL,	NULL,	NULL,	NULL,	'2024-12-03 14:12:58'),
(25,	'Dig Through Time',	NULL,	NULL,	NULL,	NULL,	NULL,	NULL,	NULL,	NULL,	NULL,	NULL,	NULL,	NULL,	NULL,	NULL,	NULL,	NULL,	NULL,	NULL,	NULL,	NULL,	NULL,	NULL,	NULL,	'2024-12-03 14:12:58'),
(26,	'Disorienting Choice',	NULL,	NULL,	NULL,	NULL,	NULL,	NULL,	NULL,	NULL,	NULL,	NULL,	NULL,	NULL,	NULL,	NULL,	NULL,	NULL,	NULL,	NULL,	NULL,	NULL,	NULL,	NULL,	NULL,	'2024-12-03 14:12:58'),
(27,	'Drownyard Temple',	NULL,	NULL,	NULL,	NULL,	NULL,	NULL,	NULL,	NULL,	NULL,	NULL,	NULL,	NULL,	NULL,	NULL,	NULL,	NULL,	NULL,	NULL,	NULL,	NULL,	NULL,	NULL,	NULL,	'2024-12-03 14:12:58'),
(28,	'Eureka Moment',	NULL,	NULL,	NULL,	NULL,	NULL,	NULL,	NULL,	NULL,	NULL,	NULL,	NULL,	NULL,	NULL,	NULL,	NULL,	NULL,	NULL,	NULL,	NULL,	NULL,	NULL,	NULL,	NULL,	'2024-12-03 14:12:58'),
(29,	'Evolving Wilds',	NULL,	NULL,	NULL,	NULL,	NULL,	NULL,	NULL,	NULL,	NULL,	NULL,	NULL,	NULL,	NULL,	NULL,	NULL,	NULL,	NULL,	NULL,	NULL,	NULL,	NULL,	NULL,	NULL,	'2024-12-03 14:12:58'),
(30,	'Experimental Lab/Staff Room',	NULL,	NULL,	NULL,	NULL,	NULL,	NULL,	NULL,	NULL,	NULL,	NULL,	NULL,	NULL,	NULL,	NULL,	NULL,	NULL,	NULL,	NULL,	NULL,	NULL,	NULL,	NULL,	NULL,	'2024-12-03 14:12:58'),
(31,	'Explosive Vegetation',	NULL,	NULL,	NULL,	NULL,	NULL,	NULL,	NULL,	NULL,	NULL,	NULL,	NULL,	NULL,	NULL,	NULL,	NULL,	NULL,	NULL,	NULL,	NULL,	NULL,	NULL,	NULL,	NULL,	'2024-12-03 14:12:58'),
(32,	'Ezuri\'s Predation',	NULL,	NULL,	NULL,	NULL,	NULL,	NULL,	NULL,	NULL,	NULL,	NULL,	NULL,	NULL,	NULL,	NULL,	NULL,	NULL,	NULL,	NULL,	NULL,	NULL,	NULL,	NULL,	NULL,	'2024-12-03 14:12:58'),
(33,	'Forest',	NULL,	NULL,	NULL,	NULL,	NULL,	NULL,	NULL,	NULL,	NULL,	NULL,	NULL,	NULL,	NULL,	NULL,	NULL,	NULL,	NULL,	NULL,	NULL,	NULL,	NULL,	NULL,	NULL,	'2024-12-03 14:12:58'),
(34,	'Glitch Interpreter',	NULL,	NULL,	NULL,	NULL,	NULL,	NULL,	NULL,	NULL,	NULL,	NULL,	NULL,	NULL,	NULL,	NULL,	NULL,	NULL,	NULL,	NULL,	NULL,	NULL,	NULL,	NULL,	NULL,	'2024-12-03 14:12:58'),
(35,	'Greater Tanuki',	NULL,	NULL,	NULL,	NULL,	NULL,	NULL,	NULL,	NULL,	NULL,	NULL,	NULL,	NULL,	NULL,	NULL,	NULL,	NULL,	NULL,	NULL,	NULL,	NULL,	NULL,	NULL,	NULL,	'2024-12-03 14:12:58'),
(36,	'Growing Dread',	NULL,	NULL,	NULL,	NULL,	NULL,	NULL,	NULL,	NULL,	NULL,	NULL,	NULL,	NULL,	NULL,	NULL,	NULL,	NULL,	NULL,	NULL,	NULL,	NULL,	NULL,	NULL,	NULL,	'2024-12-03 14:12:58'),
(37,	'Growth Spiral',	NULL,	NULL,	NULL,	NULL,	NULL,	NULL,	NULL,	NULL,	NULL,	NULL,	NULL,	NULL,	NULL,	NULL,	NULL,	NULL,	NULL,	NULL,	NULL,	NULL,	NULL,	NULL,	NULL,	'2024-12-03 14:12:58'),
(38,	'Hydra Omnivore',	NULL,	NULL,	NULL,	NULL,	NULL,	NULL,	NULL,	NULL,	NULL,	NULL,	NULL,	NULL,	NULL,	NULL,	NULL,	NULL,	NULL,	NULL,	NULL,	NULL,	NULL,	NULL,	NULL,	'2024-12-03 14:12:58'),
(39,	'Island',	NULL,	NULL,	NULL,	NULL,	NULL,	NULL,	NULL,	NULL,	NULL,	NULL,	NULL,	NULL,	NULL,	NULL,	NULL,	NULL,	NULL,	NULL,	NULL,	NULL,	NULL,	NULL,	NULL,	'2024-12-03 14:12:58'),
(40,	'Kefnet the Mindful',	NULL,	NULL,	NULL,	NULL,	NULL,	NULL,	NULL,	NULL,	NULL,	NULL,	NULL,	NULL,	NULL,	NULL,	NULL,	NULL,	NULL,	NULL,	NULL,	NULL,	NULL,	NULL,	NULL,	'2024-12-03 14:12:58'),
(41,	'Kheru Spellsnatcher',	NULL,	NULL,	NULL,	NULL,	NULL,	NULL,	NULL,	NULL,	NULL,	NULL,	NULL,	NULL,	NULL,	NULL,	NULL,	NULL,	NULL,	NULL,	NULL,	NULL,	NULL,	NULL,	NULL,	'2024-12-03 14:12:58'),
(42,	'Kianne, Corrupted Memory',	NULL,	NULL,	NULL,	NULL,	NULL,	NULL,	NULL,	NULL,	NULL,	NULL,	NULL,	NULL,	NULL,	NULL,	NULL,	NULL,	NULL,	NULL,	NULL,	NULL,	NULL,	NULL,	NULL,	'2024-12-03 14:12:58'),
(43,	'Multani, Yavimaya\'s Avatar',	NULL,	NULL,	NULL,	NULL,	NULL,	NULL,	NULL,	NULL,	NULL,	NULL,	NULL,	NULL,	NULL,	NULL,	NULL,	NULL,	NULL,	NULL,	NULL,	NULL,	NULL,	NULL,	NULL,	'2024-12-03 14:12:58'),
(44,	'Myriad Landscape',	NULL,	NULL,	NULL,	NULL,	NULL,	NULL,	NULL,	NULL,	NULL,	NULL,	NULL,	NULL,	NULL,	NULL,	NULL,	NULL,	NULL,	NULL,	NULL,	NULL,	NULL,	NULL,	NULL,	'2024-12-03 14:12:58'),
(45,	'Overgrown Zealot',	NULL,	NULL,	NULL,	NULL,	NULL,	NULL,	NULL,	NULL,	NULL,	NULL,	NULL,	NULL,	NULL,	NULL,	NULL,	NULL,	NULL,	NULL,	NULL,	NULL,	NULL,	NULL,	NULL,	'2024-12-03 14:12:58'),
(46,	'Oversimplify',	NULL,	NULL,	NULL,	NULL,	NULL,	NULL,	NULL,	NULL,	NULL,	NULL,	NULL,	NULL,	NULL,	NULL,	NULL,	NULL,	NULL,	NULL,	NULL,	NULL,	NULL,	NULL,	NULL,	'2024-12-03 14:12:58'),
(47,	'Overwhelming Stampede',	NULL,	NULL,	NULL,	NULL,	NULL,	NULL,	NULL,	NULL,	NULL,	NULL,	NULL,	NULL,	NULL,	NULL,	NULL,	NULL,	NULL,	NULL,	NULL,	NULL,	NULL,	NULL,	NULL,	'2024-12-03 14:12:58'),
(48,	'Primordial Mist',	NULL,	NULL,	NULL,	NULL,	NULL,	NULL,	NULL,	NULL,	NULL,	NULL,	NULL,	NULL,	NULL,	NULL,	NULL,	NULL,	NULL,	NULL,	NULL,	NULL,	NULL,	NULL,	NULL,	'2024-12-03 14:12:58'),
(49,	'Quandrix Campus',	NULL,	NULL,	NULL,	NULL,	NULL,	NULL,	NULL,	NULL,	NULL,	NULL,	NULL,	NULL,	NULL,	NULL,	NULL,	NULL,	NULL,	NULL,	NULL,	NULL,	NULL,	NULL,	NULL,	'2024-12-03 14:12:58'),
(50,	'Rampant Growth',	NULL,	NULL,	NULL,	NULL,	NULL,	NULL,	NULL,	NULL,	NULL,	NULL,	NULL,	NULL,	NULL,	NULL,	NULL,	NULL,	NULL,	NULL,	NULL,	NULL,	NULL,	NULL,	NULL,	'2024-12-03 14:12:58'),
(51,	'Rashmi, Eternities Crafter',	NULL,	NULL,	NULL,	NULL,	NULL,	NULL,	NULL,	NULL,	NULL,	NULL,	NULL,	NULL,	NULL,	NULL,	NULL,	NULL,	NULL,	NULL,	NULL,	NULL,	NULL,	NULL,	NULL,	'2024-12-03 14:12:58'),
(52,	'Reality Shift',	NULL,	NULL,	NULL,	NULL,	NULL,	NULL,	NULL,	NULL,	NULL,	NULL,	NULL,	NULL,	NULL,	NULL,	NULL,	NULL,	NULL,	NULL,	NULL,	NULL,	NULL,	NULL,	NULL,	'2024-12-03 14:12:58'),
(53,	'Reliquary Tower',	NULL,	NULL,	NULL,	NULL,	NULL,	NULL,	NULL,	NULL,	NULL,	NULL,	NULL,	NULL,	NULL,	NULL,	NULL,	NULL,	NULL,	NULL,	NULL,	NULL,	NULL,	NULL,	NULL,	'2024-12-03 14:12:58'),
(54,	'Retreat to Coralhelm',	NULL,	NULL,	NULL,	NULL,	NULL,	NULL,	NULL,	NULL,	NULL,	NULL,	NULL,	NULL,	NULL,	NULL,	NULL,	NULL,	NULL,	NULL,	NULL,	NULL,	NULL,	NULL,	NULL,	'2024-12-03 14:12:58'),
(55,	'Sakura-Tribe Elder',	NULL,	NULL,	NULL,	NULL,	NULL,	NULL,	NULL,	NULL,	NULL,	NULL,	NULL,	NULL,	NULL,	NULL,	NULL,	NULL,	NULL,	NULL,	NULL,	NULL,	NULL,	NULL,	NULL,	'2024-12-03 14:12:58'),
(56,	'Sandwurm Convergence',	NULL,	NULL,	NULL,	NULL,	NULL,	NULL,	NULL,	NULL,	NULL,	NULL,	NULL,	NULL,	NULL,	NULL,	NULL,	NULL,	NULL,	NULL,	NULL,	NULL,	NULL,	NULL,	NULL,	'2024-12-03 14:12:58'),
(57,	'Scroll of Fate',	NULL,	NULL,	NULL,	NULL,	NULL,	NULL,	NULL,	NULL,	NULL,	NULL,	NULL,	NULL,	NULL,	NULL,	NULL,	NULL,	NULL,	NULL,	NULL,	NULL,	NULL,	NULL,	NULL,	'2024-12-03 14:12:58'),
(58,	'Scute Swarm',	NULL,	NULL,	NULL,	NULL,	NULL,	NULL,	NULL,	NULL,	NULL,	NULL,	NULL,	NULL,	NULL,	NULL,	NULL,	NULL,	NULL,	NULL,	NULL,	NULL,	NULL,	NULL,	NULL,	'2024-12-03 14:12:58'),
(59,	'Shigeki, Jukai Visionary',	NULL,	NULL,	NULL,	NULL,	NULL,	NULL,	NULL,	NULL,	NULL,	NULL,	NULL,	NULL,	NULL,	NULL,	NULL,	NULL,	NULL,	NULL,	NULL,	NULL,	NULL,	NULL,	NULL,	'2024-12-03 14:12:58'),
(60,	'Shriekwood Devourer',	NULL,	NULL,	NULL,	NULL,	NULL,	NULL,	NULL,	NULL,	NULL,	NULL,	NULL,	NULL,	NULL,	NULL,	NULL,	NULL,	NULL,	NULL,	NULL,	NULL,	NULL,	NULL,	NULL,	'2024-12-03 14:12:58'),
(61,	'Simic Growth Chamber',	NULL,	NULL,	NULL,	NULL,	NULL,	NULL,	NULL,	NULL,	NULL,	NULL,	NULL,	NULL,	NULL,	NULL,	NULL,	NULL,	NULL,	NULL,	NULL,	NULL,	NULL,	NULL,	NULL,	'2024-12-03 14:12:58'),
(62,	'Skaab Ruinator',	NULL,	NULL,	NULL,	NULL,	NULL,	NULL,	NULL,	NULL,	NULL,	NULL,	NULL,	NULL,	NULL,	NULL,	NULL,	NULL,	NULL,	NULL,	NULL,	NULL,	NULL,	NULL,	NULL,	'2024-12-03 14:12:58'),
(63,	'Tatyova, Benthic Druid',	NULL,	NULL,	NULL,	NULL,	NULL,	NULL,	NULL,	NULL,	NULL,	NULL,	NULL,	NULL,	NULL,	NULL,	NULL,	NULL,	NULL,	NULL,	NULL,	NULL,	NULL,	NULL,	NULL,	'2024-12-03 14:12:58'),
(64,	'Temple of Mystery',	NULL,	NULL,	NULL,	NULL,	NULL,	NULL,	NULL,	NULL,	NULL,	NULL,	NULL,	NULL,	NULL,	NULL,	NULL,	NULL,	NULL,	NULL,	NULL,	NULL,	NULL,	NULL,	NULL,	'2024-12-03 14:12:58'),
(65,	'Temur War Shaman',	NULL,	NULL,	NULL,	NULL,	NULL,	NULL,	NULL,	NULL,	NULL,	NULL,	NULL,	NULL,	NULL,	NULL,	NULL,	NULL,	NULL,	NULL,	NULL,	NULL,	NULL,	NULL,	NULL,	'2024-12-03 14:12:58'),
(66,	'Terramorphic Expanse',	NULL,	NULL,	NULL,	NULL,	NULL,	NULL,	NULL,	NULL,	NULL,	NULL,	NULL,	NULL,	NULL,	NULL,	NULL,	NULL,	NULL,	NULL,	NULL,	NULL,	NULL,	NULL,	NULL,	'2024-12-03 14:12:58'),
(67,	'They Came from the Pipes',	NULL,	NULL,	NULL,	NULL,	NULL,	NULL,	NULL,	NULL,	NULL,	NULL,	NULL,	NULL,	NULL,	NULL,	NULL,	NULL,	NULL,	NULL,	NULL,	NULL,	NULL,	NULL,	NULL,	'2024-12-03 14:12:58'),
(68,	'Thunderfoot Baloth',	NULL,	NULL,	NULL,	NULL,	NULL,	NULL,	NULL,	NULL,	NULL,	NULL,	NULL,	NULL,	NULL,	NULL,	NULL,	NULL,	NULL,	NULL,	NULL,	NULL,	NULL,	NULL,	NULL,	'2024-12-03 14:12:58'),
(69,	'Trail of Mystery',	NULL,	NULL,	NULL,	NULL,	NULL,	NULL,	NULL,	NULL,	NULL,	NULL,	NULL,	NULL,	NULL,	NULL,	NULL,	NULL,	NULL,	NULL,	NULL,	NULL,	NULL,	NULL,	NULL,	'2024-12-03 14:12:58'),
(70,	'Trygon Predator',	NULL,	NULL,	NULL,	NULL,	NULL,	NULL,	NULL,	NULL,	NULL,	NULL,	NULL,	NULL,	NULL,	NULL,	NULL,	NULL,	NULL,	NULL,	NULL,	NULL,	NULL,	NULL,	NULL,	'2024-12-03 14:12:58'),
(71,	'Whisperwood Elemental',	NULL,	NULL,	NULL,	NULL,	NULL,	NULL,	NULL,	NULL,	NULL,	NULL,	NULL,	NULL,	NULL,	NULL,	NULL,	NULL,	NULL,	NULL,	NULL,	NULL,	NULL,	NULL,	NULL,	'2024-12-03 14:12:58'),
(72,	'Wilderness Reclamation',	NULL,	NULL,	NULL,	NULL,	NULL,	NULL,	NULL,	NULL,	NULL,	NULL,	NULL,	NULL,	NULL,	NULL,	NULL,	NULL,	NULL,	NULL,	NULL,	NULL,	NULL,	NULL,	NULL,	'2024-12-03 14:12:58'),
(73,	'Worldspine Wurm',	NULL,	NULL,	NULL,	NULL,	NULL,	NULL,	NULL,	NULL,	NULL,	NULL,	NULL,	NULL,	NULL,	NULL,	NULL,	NULL,	NULL,	NULL,	NULL,	NULL,	NULL,	NULL,	NULL,	'2024-12-03 14:12:58'),
(74,	'Yavimaya Elder',	NULL,	NULL,	NULL,	NULL,	NULL,	NULL,	NULL,	NULL,	NULL,	NULL,	NULL,	NULL,	NULL,	NULL,	NULL,	NULL,	NULL,	NULL,	NULL,	NULL,	NULL,	NULL,	NULL,	'2024-12-03 14:12:58'),
(75,	'Yedora, Grave Gardener',	NULL,	NULL,	NULL,	NULL,	NULL,	NULL,	NULL,	NULL,	NULL,	NULL,	NULL,	NULL,	NULL,	NULL,	NULL,	NULL,	NULL,	NULL,	NULL,	NULL,	NULL,	NULL,	NULL,	'2024-12-03 14:12:58'),
(76,	'Zimone\'s Hypothesis',	NULL,	NULL,	NULL,	NULL,	NULL,	NULL,	NULL,	NULL,	NULL,	NULL,	NULL,	NULL,	NULL,	NULL,	NULL,	NULL,	NULL,	NULL,	NULL,	NULL,	NULL,	NULL,	NULL,	'2024-12-03 14:12:58'),
(77,	'Zimone, Mystery Unraveler',	NULL,	NULL,	NULL,	NULL,	NULL,	NULL,	NULL,	NULL,	NULL,	NULL,	NULL,	NULL,	NULL,	NULL,	NULL,	NULL,	NULL,	NULL,	NULL,	NULL,	NULL,	NULL,	NULL,	'2024-12-03 14:12:58'),
(78,	'Arcane Signet',	NULL,	NULL,	NULL,	NULL,	NULL,	NULL,	NULL,	NULL,	NULL,	NULL,	NULL,	NULL,	NULL,	NULL,	NULL,	NULL,	NULL,	NULL,	NULL,	NULL,	NULL,	NULL,	NULL,	'2024-12-03 14:16:56'),
(79,	'Biomass Mutation',	NULL,	NULL,	NULL,	NULL,	NULL,	NULL,	NULL,	NULL,	NULL,	NULL,	NULL,	NULL,	NULL,	NULL,	NULL,	NULL,	NULL,	NULL,	NULL,	NULL,	NULL,	NULL,	NULL,	'2024-12-03 14:16:56'),
(80,	'Cackling Counterpart',	NULL,	NULL,	NULL,	NULL,	NULL,	NULL,	NULL,	NULL,	NULL,	NULL,	NULL,	NULL,	NULL,	NULL,	NULL,	NULL,	NULL,	NULL,	NULL,	NULL,	NULL,	NULL,	NULL,	'2024-12-03 14:16:56'),
(81,	'Citanul Hierophants',	NULL,	NULL,	NULL,	NULL,	NULL,	NULL,	NULL,	NULL,	NULL,	NULL,	NULL,	NULL,	NULL,	NULL,	NULL,	NULL,	NULL,	NULL,	NULL,	NULL,	NULL,	NULL,	NULL,	'2024-12-03 14:16:56'),
(82,	'Flooded Grove',	NULL,	NULL,	NULL,	NULL,	NULL,	NULL,	NULL,	NULL,	NULL,	NULL,	NULL,	NULL,	NULL,	NULL,	NULL,	NULL,	NULL,	NULL,	NULL,	NULL,	NULL,	NULL,	NULL,	'2024-12-03 14:16:56'),
(83,	'Giggling Skitterspike',	NULL,	NULL,	NULL,	NULL,	NULL,	NULL,	NULL,	NULL,	NULL,	NULL,	NULL,	NULL,	NULL,	NULL,	NULL,	NULL,	NULL,	NULL,	NULL,	NULL,	NULL,	NULL,	NULL,	'2024-12-03 14:16:56'),
(84,	'Hinterland Harbor',	NULL,	NULL,	NULL,	NULL,	NULL,	NULL,	NULL,	NULL,	NULL,	NULL,	NULL,	NULL,	NULL,	NULL,	NULL,	NULL,	NULL,	NULL,	NULL,	NULL,	NULL,	NULL,	NULL,	'2024-12-03 14:16:56'),
(85,	'Mosswort Bridge',	NULL,	NULL,	NULL,	NULL,	NULL,	NULL,	NULL,	NULL,	NULL,	NULL,	NULL,	NULL,	NULL,	NULL,	NULL,	NULL,	NULL,	NULL,	NULL,	NULL,	NULL,	NULL,	NULL,	'2024-12-03 14:16:56'),
(86,	'Overflowing Basin',	NULL,	NULL,	NULL,	NULL,	NULL,	NULL,	NULL,	NULL,	NULL,	NULL,	NULL,	NULL,	NULL,	NULL,	NULL,	NULL,	NULL,	NULL,	NULL,	NULL,	NULL,	NULL,	NULL,	'2024-12-03 14:16:56'),
(87,	'Simic Signet',	NULL,	NULL,	NULL,	NULL,	NULL,	NULL,	NULL,	NULL,	NULL,	NULL,	NULL,	NULL,	NULL,	NULL,	NULL,	NULL,	NULL,	NULL,	NULL,	NULL,	NULL,	NULL,	NULL,	'2024-12-03 14:16:56'),
(88,	'Sol Ring',	NULL,	NULL,	NULL,	NULL,	NULL,	NULL,	NULL,	NULL,	NULL,	NULL,	NULL,	NULL,	NULL,	NULL,	NULL,	NULL,	NULL,	NULL,	NULL,	NULL,	NULL,	NULL,	NULL,	'2024-12-03 14:16:56'),
(89,	'Tangled Islet',	NULL,	NULL,	NULL,	NULL,	NULL,	NULL,	NULL,	NULL,	NULL,	NULL,	NULL,	NULL,	NULL,	NULL,	NULL,	NULL,	NULL,	NULL,	NULL,	NULL,	NULL,	NULL,	NULL,	'2024-12-03 14:16:56'),
(90,	'Temple of the False God',	NULL,	NULL,	NULL,	NULL,	NULL,	NULL,	NULL,	NULL,	NULL,	NULL,	NULL,	NULL,	NULL,	NULL,	NULL,	NULL,	NULL,	NULL,	NULL,	NULL,	NULL,	NULL,	NULL,	'2024-12-03 14:16:56'),
(91,	'Thornwood Falls',	NULL,	NULL,	NULL,	NULL,	NULL,	NULL,	NULL,	NULL,	NULL,	NULL,	NULL,	NULL,	NULL,	NULL,	NULL,	NULL,	NULL,	NULL,	NULL,	NULL,	NULL,	NULL,	NULL,	'2024-12-03 14:16:56'),
(92,	'Vineglimmer Snarl',	NULL,	NULL,	NULL,	NULL,	NULL,	NULL,	NULL,	NULL,	NULL,	NULL,	NULL,	NULL,	NULL,	NULL,	NULL,	NULL,	NULL,	NULL,	NULL,	NULL,	NULL,	NULL,	NULL,	'2024-12-03 14:16:56'),
(93,	'Yavimaya Coast',	NULL,	NULL,	NULL,	NULL,	NULL,	NULL,	NULL,	NULL,	NULL,	NULL,	NULL,	NULL,	NULL,	NULL,	NULL,	NULL,	NULL,	NULL,	NULL,	NULL,	NULL,	NULL,	NULL,	'2024-12-03 14:16:56');

DROP TABLE IF EXISTS `decks`;
CREATE TABLE `decks` (
  `deck_id` int(11) NOT NULL AUTO_INCREMENT,
  `deck_name` varchar(255) NOT NULL,
  `created_at` timestamp NULL DEFAULT current_timestamp(),
  PRIMARY KEY (`deck_id`)
) ENGINE=InnoDB DEFAULT CHARSET=utf8mb4 COLLATE=utf8mb4_uca1400_ai_ci;

INSERT INTO `decks` (`deck_id`, `deck_name`, `created_at`) VALUES
(1,	'Most Wanted',	'2024-11-28 14:01:03'),
(2,	'Jump Scare! Reforged (Aesi)',	'2024-12-03 10:34:48');

DROP TABLE IF EXISTS `deck_cards`;
CREATE TABLE `deck_cards` (
  `deck_card_id` int(11) NOT NULL AUTO_INCREMENT,
  `deck_id` int(11) NOT NULL,
  `card_id` int(11) NOT NULL,
  `quantity_active` int(11) DEFAULT 0,
  `quantity_considering` int(11) DEFAULT 0,
  PRIMARY KEY (`deck_card_id`),
  KEY `deck_id` (`deck_id`),
  KEY `card_id` (`card_id`),
  CONSTRAINT `deck_cards_ibfk_1` FOREIGN KEY (`deck_id`) REFERENCES `decks` (`deck_id`) ON DELETE CASCADE,
  CONSTRAINT `deck_cards_ibfk_2` FOREIGN KEY (`card_id`) REFERENCES `cards` (`card_id`) ON DELETE CASCADE
) ENGINE=InnoDB DEFAULT CHARSET=utf8mb4 COLLATE=utf8mb4_uca1400_ai_ci;

INSERT INTO `deck_cards` (`deck_card_id`, `deck_id`, `card_id`, `quantity_active`, `quantity_considering`) VALUES
(1,	1,	3,	0,	1),
(2,	2,	10,	1,	0),
(3,	2,	11,	1,	0),
(4,	2,	78,	1,	0),
(5,	2,	12,	1,	0),
(6,	2,	13,	1,	0),
(7,	2,	14,	1,	0),
(8,	2,	15,	1,	0),
(9,	2,	16,	1,	0),
(10,	2,	17,	1,	0),
(11,	2,	79,	1,	0),
(12,	2,	18,	1,	0),
(13,	2,	80,	1,	0),
(14,	2,	19,	1,	0),
(15,	2,	81,	1,	0),
(16,	2,	20,	1,	0),
(17,	2,	21,	1,	0),
(18,	2,	22,	1,	0),
(19,	2,	23,	1,	0),
(20,	2,	24,	1,	0),
(21,	2,	25,	1,	0),
(22,	2,	26,	1,	0),
(23,	2,	27,	1,	0),
(24,	2,	28,	1,	0),
(25,	2,	29,	1,	0),
(26,	2,	30,	1,	0),
(27,	2,	31,	1,	0),
(28,	2,	32,	1,	0),
(29,	2,	82,	1,	0),
(30,	2,	33,	1,	0),
(31,	2,	83,	1,	0),
(32,	2,	34,	1,	0),
(33,	2,	35,	1,	0),
(34,	2,	36,	1,	0),
(35,	2,	37,	1,	0),
(36,	2,	84,	1,	0),
(37,	2,	38,	1,	0),
(38,	2,	39,	1,	0),
(39,	2,	40,	1,	0),
(40,	2,	41,	1,	0),
(41,	2,	42,	1,	0),
(42,	2,	85,	1,	0),
(43,	2,	43,	1,	0),
(44,	2,	44,	1,	0),
(45,	2,	86,	1,	0),
(46,	2,	45,	1,	0),
(47,	2,	46,	1,	0),
(48,	2,	47,	1,	0),
(49,	2,	48,	1,	0),
(50,	2,	49,	1,	0),
(51,	2,	50,	1,	0),
(52,	2,	51,	1,	0),
(53,	2,	52,	1,	0),
(54,	2,	53,	1,	0),
(55,	2,	54,	1,	0),
(56,	2,	55,	1,	0),
(57,	2,	56,	1,	0),
(58,	2,	57,	1,	0),
(59,	2,	58,	1,	0),
(60,	2,	59,	1,	0),
(61,	2,	60,	1,	0),
(62,	2,	61,	1,	0),
(63,	2,	87,	1,	0),
(64,	2,	62,	1,	0),
(65,	2,	88,	1,	0),
(66,	2,	89,	1,	0),
(67,	2,	63,	1,	0),
(68,	2,	64,	1,	0),
(69,	2,	90,	1,	0),
(70,	2,	65,	1,	0),
(71,	2,	66,	1,	0),
(72,	2,	67,	1,	0),
(73,	2,	91,	1,	0),
(74,	2,	68,	1,	0),
(75,	2,	69,	1,	0),
(76,	2,	70,	1,	0),
(77,	2,	92,	1,	0),
(78,	2,	71,	1,	0),
(79,	2,	72,	1,	0),
(80,	2,	73,	1,	0),
(81,	2,	93,	1,	0),
(82,	2,	74,	1,	0),
(83,	2,	75,	1,	0),
(84,	2,	77,	1,	0),
(85,	2,	76,	1,	0);

DROP TABLE IF EXISTS `deck_ratings`;
CREATE TABLE `deck_ratings` (
  `deck_id` int(11) NOT NULL,
  `card_id` int(11) NOT NULL,
  `rating` decimal(3,2) NOT NULL,
  `comment` text DEFAULT NULL,
  `rated_at` timestamp NULL DEFAULT current_timestamp(),
  PRIMARY KEY (`deck_id`,`card_id`),
  KEY `card_id` (`card_id`),
  CONSTRAINT `deck_ratings_ibfk_1` FOREIGN KEY (`deck_id`) REFERENCES `decks` (`deck_id`) ON DELETE CASCADE,
  CONSTRAINT `deck_ratings_ibfk_2` FOREIGN KEY (`card_id`) REFERENCES `cards` (`card_id`) ON DELETE CASCADE
) ENGINE=InnoDB DEFAULT CHARSET=utf8mb4 COLLATE=utf8mb4_uca1400_ai_ci;


-- 2024-12-03 14:22:17
